﻿<?xml version="1.0" encoding="utf-8"?>
<Users>
  <User>
    <id>1</id>
    <Mail>Birthday</Mail>
    <Birthday>24-02-1984</Birthday>
    <FirstName>Yuli</FirstName>
    <LastName>Garnaga</LastName>
    <Phone>0525966815</Phone>
    <Gender>Female</Gender>
  </User>
  <User>
    <id>00000000-0000-0000-0000-000000000000</id>
    <Mail>yuli@gmail.com</Mail>
    <Birthday>wfwef</Birthday>
    <FirstName>Male</FirstName>
    <LastName>Male</LastName>
    <Phone>0546788754</Phone>
    <Gender>Male</Gender>
  </User>
  <User>
    <id>00000000-0000-0000-0000-000000000000</id>
    <Mail>Ola</Mail>
    <Birthday>24-02-1984</Birthday>
    <FirstName>Male</FirstName>
    <LastName>Male</LastName>
    <Phone>0546788754</Phone>
    <Gender>Male</Gender>
  </User>
  <User>
    <id>00000000-0000-0000-0000-000000000000</id>
    <Mail>yuli@gmail.com</Mail>
    <Birthday>wfwef</Birthday>
    <FirstName>Male</FirstName>
    <LastName>Male</LastName>
    <Phone>0546788754</Phone>
    <Gender>Male</Gender>
  </User>
  <User>
    <id>00000000-0000-0000-0000-000000000000</id>
    <Mail>1</Mail>
    <Birthday>2</Birthday>
    <FirstName>3</FirstName>
    <LastName>4</LastName>
    <Phone>5</Phone>
    <Gender>Male</Gender>
  </User>
  <User>
    <id>00000000-0000-0000-0000-000000000000</id>
    <Mail>yuli@gmail.com</Mail>
    <Birthday>24-02-1984</Birthday>
    <FirstName>1</FirstName>
    <LastName>1</LastName>
    <Phone>1</Phone>
    <Gender>Female</Gender>
  </User>
  <User>
    <id>00000000-0000-0000-0000-000000000000</id>
    <Mail>1</Mail>
    <Birthday>1984</Birthday>
    <FirstName>Ola</FirstName>
    <LastName>DA</LastName>
    <Phone>1</Phone>
    <Gender>Male</Gender>
  </User>
  <User>
    <id>00000000-0000-0000-0000-000000000000</id>
    <Mail>1</Mail>
    <Birthday>2</Birthday>
    <FirstName>2</FirstName>
    <LastName>1</LastName>
    <Phone>1</Phone>
    <Gender>Male</Gender>
  </User>
  <User>
    <id>00000000-0000-0000-0000-000000000000</id>
    <Mail>111</Mail>
    <Birthday>12-12-85</Birthday>
    <FirstName>1</FirstName>
    <LastName>1</LastName>
    <Phone>1</Phone>
    <Gender>Male</Gender>
  </User>
</Users>